Nickname,DefenderScore,AttackerScore,Time(sec),Winner,Level
Player 1,10,3,197, Defender , Intermediate 
Player 2,5,8,184, Attacker , Beginner 
Player 3,6,7,136, Attacker , Beginner 
Player 4,8,5,162, Defender , Intermediate 
Player 5,7,6,204, Defender , Beginner 
Player 6,5,8,172, Attacker , Beginner 
Player 7,6,7,128, Attacker , Beginner 
Player 8,6,7,115, Attacker , Beginner 
Player 9,8,5,136, Defender , Expert 
Player 10,7,6,104, Defender , Expert 
Player 11,5,8,410, Attacker , Beginner 
Player 12,4,9,281, Attacker , Beginner 
Player 13,4,9,186, Attacker , Beginner 
Player 14,6,7,123, Attacker , Beginner 
Player 15,6,6,183, Draw , Beginner 
Player 16,6,7,107, Attacker , Beginner 
Player 17,5,8,107, Attacker , Beginner 
Player 18,5,8,103, Attacker , Beginner 
Player 19,6,7,103, Attacker , Beginner 
Player 20,4,9,103, Attacker , Beginner 
Player 21,7,6,143, Defender , Expert 
Player 22,8,5,121, Defender , Expert 
Player 23,9,4,117, Defender , Expert 
Player 24,9,4,116, Defender , Expert 
Player 25,5,8,123, Attacker , Beginner 
Player 26,10,3,103, Defender , Expert 
Player 27,13,0,94, Defender , Expert 
Player 28,11,2,83, Defender , Expert 
Player 29,11,2,76, Defender , Expert 
Player 30,9,4,73, Defender , Expert 
Player 31,9,4,537, Defender , Beginner 
Player 32,7,6,324, Defender , Beginner 
Player 33,7,6,143, Defender , Expert 
Player 34,7,6,127, Defender , Expert 
Player 35,7,6,111, Defender , Expert 
Player 36,5,8,111, Attacker , Beginner 
Player 37,9,4,111, Defender , Expert 
Player 38,7,6,105, Defender , Expert 
Player 39,7,6,94, Defender , Expert 
Player 40,7,6,185, Defender , Intermediate 
Player 41,5,8,183, Attacker , Beginner 
Player 42,6,7,180, Attacker , Beginner 
Player 43,6,7,157, Attacker , Beginner 
Player 44,6,7,131, Attacker , Beginner 
Player 45,8,5,152, Defender , Expert 
Player 46,7,6,141, Defender , Expert 
Player 47,8,5,155, Defender , Expert 
Player 48,7,6,172, Defender , Intermediate 
Player 49,4,9,755, Attacker , Beginner 
Player 50,6,7,667, Attacker , Beginner 
Player 51,10,3,206, Defender , Beginner 
Player 52,8,5,205, Defender , Beginner 
Player 53,6,7,203, Attacker , Beginner 
Player 54,5,8,203, Attacker , Beginner 
Player 55,5,8,170, Attacker , Beginner 
Player 56,5,8,142, Attacker , Beginner 
Player 57,7,6,133, Defender , Expert 
Player 58,7,6,94, Defender , Expert 
Player 59,9,4,110, Defender , Expert 
Player 60,11,2,109, Defender , Expert 
Player 61,9,4,100, Defender , Expert 
Player 62,9,4,92, Defender , Expert 
Player 63,8,5,165, Defender , Intermediate 
Player 64,8,5,164, Defender , Intermediate 
Player 65,7,6,280, Defender , Beginner 
Player 66,6,7,230, Attacker , Beginner 
Player 67,6,7,221, Attacker , Beginner 
Player 68,7,6,202, Defender , Beginner 
Player 69,9,4,90, Defender , Expert 
Player 70,7,6,87, Defender , Expert 
Player 71,7,6,211, Defender , Beginner 
Player 72,6,7,124, Attacker , Beginner 
Player 73,6,7,112, Attacker , Beginner 
Player 74,4,9,112, Attacker , Beginner 
Player 75,6,7,109, Attacker , Beginner 
Player 76,6,7,90, Attacker , Beginner 
Player 77,6,7,86, Attacker , Beginner 
Player 78,4,9,82, Attacker , Beginner 
Player 79,5,8,82, Attacker , Beginner 
Player 80,9,4,66, Defender , Expert 
Player 81,5,8,59, Attacker , Beginner 
Player 82,6,7,58, Attacker , Beginner 
Player 83,7,6,148, Defender , Expert 
Player 84,8,5,138, Defender , Expert 
Player 85,8,5,132, Defender , Expert 
Player 86,7,6,194, Defender , Intermediate 
Player 87,7,6,161, Defender , Intermediate 
Player 88,7,6,401, Defender , Beginner 
Player 89,8,5,346, Defender , Beginner 
Player 90,7,6,201, Defender , Beginner 
Player 91,8,5,179, Defender , Intermediate 
Player 92,6,7,189, Attacker , Beginner 
Player 93,5,8,183, Attacker , Beginner 
Player 94,4,9,162, Attacker , Beginner 
Player 95,9,4,141, Defender , Expert 
Player 96,8,5,121, Defender , Expert 
Player 97,10,3,115, Defender , Expert 
Player 98,10,3,112, Defender , Expert 
Player 99,8,5,168, Defender , Intermediate 
Player 100,7,6,166, Defender , Intermediate 
Player 101,6,7,195, Attacker , Beginner 
Player 102,5,8,498, Attacker , Beginner 
Player 103,4,9,152, Attacker , Beginner 
Player 104,6,7,127, Attacker , Beginner 
Player 105,5,8,62, Attacker , Beginner 
Player 106,5,8,61, Attacker , Beginner 
Player 107,10,3,160, Defender , Expert 
Player 108,9,4,154, Defender , Expert 
Player 109,7,6,140, Defender , Expert 
Player 110,7,6,139, Defender , Expert 
Player 111,7,6,173, Defender , Intermediate 
Player 112,7,6,205, Defender , Beginner 
Player 113,6,7,182, Attacker , Beginner 
Player 114,4,8,283, Attacker , Beginner 
Player 115,5,8,174, Attacker , Beginner 
Player 116,6,7,164, Attacker , Beginner 
Player 117,6,7,85, Attacker , Beginner 
Player 118,5,8,85, Attacker , Beginner 
Player 119,2,11,67, Attacker , Beginner 
Player 120,7,6,141, Defender , Expert 
Player 121,9,4,131, Defender , Expert 
Player 122,7,5,104, Defender , Expert 
Player 123,11,2,103, Defender , Expert 
Player 124,9,4,200, Defender , Intermediate 
Player 125,5,8,141, Attacker , Beginner 
Player 126,7,6,196, Defender , Intermediate 
Player 127,6,7,405, Attacker , Beginner 
Player 128,4,9,347, Attacker , Beginner 
Player 129,9,4,281, Defender , Beginner 
Player 130,10,3,225, Defender , Beginner 
Player 131,9,4,201, Defender , Beginner 
Player 132,4,8,176, Attacker , Beginner 
Player 133,4,9,168, Attacker , Beginner 
Player 134,6,7,145, Attacker , Beginner 
Player 135,6,7,112, Attacker , Beginner 
Player 136,9,4,113, Defender , Expert 
Player 137,7,5,151, Defender , Expert 
Player 138,8,5,120, Defender , Expert 
Player 139,7,5,119, Defender , Expert 
Player 140,7,6,111, Defender , Expert 
Player 141,7,5,104, Defender , Expert 
Player 142,11,2,200, Defender , Intermediate 
Player 143,4,9,346, Attacker , Beginner 
Player 144,1,12,318, Attacker , Beginner 
Player 145,4,9,262, Attacker , Beginner 
Player 146,7,5,262, Defender , Beginner 
Player 147,10,3,83, Defender , Expert 
Player 148,6,7,210, Attacker , Beginner 
Player 149,6,7,200, Attacker , Beginner 
Player 150,5,7,169, Attacker , Beginner 
Player 151,5,6,120, Attacker , Beginner 
Player 152,5,6,119, Attacker , Beginner 
Player 153,6,6,109, Draw , Beginner 
Player 154,4,9,101, Attacker , Beginner 
Player 155,5,8,91, Attacker , Beginner 
Player 156,7,6,108, Defender , Expert 
Player 157,7,6,102, Defender , Expert 
Player 158,9,4,87, Defender , Expert 
Player 159,4,9,272, Attacker , Beginner 
Player 160,7,6,238, Defender , Beginner 
Player 161,5,8,136, Attacker , Beginner 
Player 162,3,10,126, Attacker , Beginner 
Player 163,5,8,125, Attacker , Beginner 
Player 164,5,8,114, Attacker , Beginner 
Player 165,3,10,97, Attacker , Beginner 
Player 166,4,9,92, Attacker , Beginner 
Player 167,6,7,89, Attacker , Beginner 
Player 168,10,3,197, Defender , Intermediate 
Player 169,9,4,153, Defender , Expert 
Player 170,9,4,187, Defender , Intermediate 
Player 171,8,5,178, Defender , Intermediate 
Player 172,10,3,166, Defender , Intermediate 
Player 173,4,9,261, Attacker , Beginner 
Player 174,8,5,220, Defender , Beginner 
Player 175,8,5,214, Defender , Beginner 
Player 176,7,6,207, Defender , Beginner 
Player 177,6,7,201, Attacker , Beginner 
Player 178,5,8,184, Attacker , Beginner 
Player 179,6,7,182, Attacker , Beginner 
Player 180,7,6,148, Defender , Expert 
Player 181,7,6,160, Defender , Expert 
Player 182,11,2,152, Defender , Expert 
Player 183,8,5,133, Defender , Expert 
Player 184,9,4,182, Defender , Intermediate 
Player 185,8,5,169, Defender , Intermediate 
Player 186,7,6,169, Defender , Intermediate 
Player 187,7,6,164, Defender , Intermediate 
Player 188,7,6,162, Defender , Intermediate 
Player 189,5,8,314, Attacker , Beginner 
Player 190,7,6,237, Defender , Beginner 
Player 191,10,3,146, Defender , Expert 
Player 192,8,5,220, Defender , Beginner 
Player 193,8,5,76, Defender , Expert 
Player 194,7,6,60, Defender , Expert 
Player 195,5,8,201, Attacker , Beginner 
Player 196,6,7,107, Attacker , Beginner 
Player 197,4,9,84, Attacker , Beginner 
Player 198,3,10,63, Attacker , Beginner 
Player 199,6,7,57, Attacker , Beginner 
Player 200,3,9,55, Attacker , Beginner 
Player 201,4,8,55, Attacker , Beginner 
Player 202,9,4,143, Defender , Expert 
Player 203,6,7,53, Attacker , Beginner 
Player 204,6,7,50, Attacker , Beginner 
Player 205,7,6,142, Defender , Expert 
Player 206,7,6,132, Defender , Expert 
Player 207,7,6,87, Defender , Expert 
Player 208,6,7,203, Attacker , Beginner 
Player 209,5,8,157, Attacker , Beginner 
Player 210,6,7,145, Attacker , Beginner 
Player 211,5,7,126, Attacker , Beginner 
Player 212,5,8,123, Attacker , Beginner 
Player 213,8,5,129, Defender , Expert 
Player 214,5,8,122, Attacker , Beginner 
Player 215,5,8,88, Attacker , Beginner 
Player 216,5,8,78, Attacker , Beginner 
Player 217,6,7,70, Attacker , Beginner 
Player 218,10,3,113, Defender , Expert 
Player 219,7,6,100, Defender , Expert 
Player 220,10,3,92, Defender , Expert 
Player 221,10,3,89, Defender , Expert 
Player 222,7,6,89, Defender , Expert 
Player 223,7,5,80, Defender , Expert 
Player 224,4,9,472, Attacker , Beginner 
Player 225,8,5,117, Defender , Expert 
Player 226,8,5,80, Defender , Expert 
Player 227,9,4,78, Defender , Expert 
Player 228,8,5,194, Defender , Intermediate 
Player 229,10,3,170, Defender , Intermediate 
Player 230,6,7,221, Attacker , Beginner 
Player 231,8,5,148, Defender , Expert 
Player 232,8,5,139, Defender , Expert 
Player 233,9,4,139, Defender , Expert 
Player 234,7,6,133, Defender , Expert 
Player 235,8,5,168, Defender , Intermediate 
Player 236,9,4,114, Defender , Expert 
Player 237,9,4,164, Defender , Intermediate 
Player 238,4,9,440, Attacker , Beginner 
Player 239,1,12,203, Attacker , Beginner 
Player 240,5,8,200, Attacker , Beginner 
Player 241,6,7,167, Attacker , Beginner 
Player 242,6,7,156, Attacker , Beginner 
Player 243,7,6,107, Defender , Expert 
Player 244,7,5,97, Defender , Expert 
Player 245,7,6,83, Defender , Expert 
Player 246,7,6,198, Defender , Intermediate 
Player 247,10,3,113, Defender , Expert 
Player 248,4,9,171, Attacker , Beginner 
Player 249,4,9,116, Attacker , Beginner 
Player 250,6,7,110, Attacker , Beginner 
Player 251,6,7,95, Attacker , Beginner 
Player 252,4,9,89, Attacker , Beginner 
Player 253,6,7,84, Attacker , Beginner 
Player 254,6,7,76, Attacker , Beginner 
Player 255,6,7,75, Attacker , Beginner 
Player 256,7,6,154, Defender , Expert 
Player 257,10,3,116, Defender , Expert 
Player 258,11,2,109, Defender , Expert 
Player 259,11,2,102, Defender , Expert 
Player 260,7,5,246, Defender , Beginner 
Player 261,3,10,230, Attacker , Beginner 
Player 262,5,8,189, Attacker , Beginner 
Player 263,4,9,177, Attacker , Beginner 
Player 264,6,7,158, Attacker , Beginner 
Player 265,5,8,113, Attacker , Beginner 
Player 266,4,9,106, Attacker , Beginner 
Player 267,5,8,105, Attacker , Beginner 
Player 268,11,2,130, Defender , Expert 
Player 269,8,5,161, Defender , Intermediate 
Player 270,8,4,101, Defender , Expert 
Player 271,8,4,99, Defender , Expert 
Player 272,8,5,97, Defender , Expert 
Player 273,8,5,96, Defender , Expert 
Player 274,8,4,95, Defender , Expert 
Player 275,12,1,93, Defender , Expert 
Player 276,8,5,88, Defender , Expert 
Player 277,8,4,87, Defender , Expert 
Player 278,12,1,77, Defender , Expert 
Player 279,11,2,70, Defender , Expert 
Player 280,6,7,242, Attacker , Beginner 
Player 281,8,5,116, Defender , Expert 
Player 282,7,6,109, Defender , Expert 
Player 283,12,1,101, Defender , Expert 
Player 284,11,2,99, Defender , Expert 
Player 285,8,5,99, Defender , Expert 
Player 286,11,2,91, Defender , Expert 
Player 287,8,5,87, Defender , Expert 
Player 288,9,4,86, Defender , Expert 
Player 289,8,5,83, Defender , Expert 
Player 290,9,4,181, Defender , Intermediate 
Player 291,10,3,199, Defender , Intermediate 
Player 292,6,7,266, Attacker , Beginner 
Player 293,8,5,140, Defender , Expert 
Player 294,13,0,130, Defender , Expert 
Player 295,8,5,100, Defender , Expert 
Player 296,11,2,96, Defender , Expert 
Player 297,10,3,92, Defender , Expert 
Player 298,10,3,165, Defender , Intermediate 
Player 299,8,5,163, Defender , Intermediate 
Player 300,5,8,212, Attacker , Beginner 
Player 301,6,7,157, Attacker , Beginner 
Player 302,9,4,184, Defender , Intermediate 
Player 303,6,7,148, Attacker , Beginner 
Player 304,4,9,135, Attacker , Beginner 
Player 305,8,5,136, Defender , Expert 
Player 306,8,5,115, Defender , Expert 
Player 307,7,6,101, Defender , Expert 
Player 308,7,6,96, Defender , Expert 
Player 309,6,7,208, Attacker , Beginner 
Player 310,5,8,128, Attacker , Beginner 
Player 311,4,9,104, Attacker , Beginner 
Player 312,6,7,100, Attacker , Beginner 
Player 313,8,5,162, Defender , Intermediate 
Player 314,5,8,96, Attacker , Beginner 
Player 315,6,7,94, Attacker , Beginner 
Player 316,5,8,87, Attacker , Beginner 
Player 317,3,10,76, Attacker , Beginner 
Player 318,8,5,143, Defender , Expert 
Player 319,8,5,101, Defender , Expert 
Player 320,8,5,282, Defender , Beginner 
Player 321,5,8,156, Attacker , Beginner 
Player 322,6,7,149, Attacker , Beginner 
Player 323,5,8,122, Attacker , Beginner 
Player 324,8,5,507, Defender , Beginner 
Player 325,6,7,112, Attacker , Beginner 
Player 326,6,7,94, Attacker , Beginner 
Player 327,5,8,79, Attacker , Beginner 
Player 328,4,9,73, Attacker , Beginner 
Player 329,6,7,72, Attacker , Beginner 
Player 330,5,8,67, Attacker , Beginner 
Player 331,5,8,473, Attacker , Beginner 
Player 332,5,8,400, Attacker , Beginner 
Player 333,6,7,377, Attacker , Beginner 
Player 334,7,6,334, Defender , Beginner 
Player 335,7,6,294, Defender , Beginner 
Player 336,8,5,409, Defender , Beginner 
Player 337,6,7,282, Attacker , Beginner 
Player 338,7,6,273, Defender , Beginner 
Player 339,10,3,263, Defender , Beginner 
Player 340,5,8,255, Attacker , Beginner 
Player 341,9,4,230, Defender , Beginner 
Player 342,9,4,220, Defender , Beginner 
Player 343,4,9,199, Attacker , Beginner 
Player 344,7,6,128, Defender , Expert 
Player 345,8,5,126, Defender , Expert 
Player 346,8,5,121, Defender , Expert 
Player 347,6,6,292, Draw , Beginner 
Player 348,7,6,117, Defender , Expert 
Player 349,11,2,110, Defender , Expert 
Player 350,7,6,110, Defender , Expert 
Player 351,11,2,84, Defender , Expert 
Player 352,8,5,194, Defender , Intermediate 
Player 353,9,4,167, Defender , Intermediate 
Player 354,6,7,198, Attacker , Beginner 
Player 355,5,8,143, Attacker , Beginner 
Player 356,7,6,151, Defender , Expert 
Player 357,5,8,351, Attacker , Beginner 
Player 358,9,4,283, Defender , Beginner 
Player 359,8,5,246, Defender , Beginner 
Player 360,6,7,238, Attacker , Beginner 
Player 361,4,9,200, Attacker , Beginner 
Player 362,6,7,163, Attacker , Beginner 
Player 363,4,9,163, Attacker , Beginner 
Player 364,5,8,163, Attacker , Beginner 
Player 365,6,7,161, Attacker , Beginner 
Player 366,6,7,146, Attacker , Beginner 
Player 367,4,9,125, Attacker , Beginner 
Player 368,7,6,171, Defender , Intermediate 
Player 369,9,4,264, Defender , Beginner 
Player 370,6,7,337, Attacker , Beginner 
Player 371,6,7,327, Attacker , Beginner 
Player 372,6,7,285, Attacker , Beginner 
Player 373,6,7,146, Attacker , Beginner 
Player 374,5,8,138, Attacker , Beginner 
Player 375,4,9,123, Attacker , Beginner 
Player 376,3,10,123, Attacker , Beginner 
Player 377,2,11,121, Attacker , Beginner 
Player 378,5,8,114, Attacker , Beginner 
Player 379,0,13,103, Attacker , Beginner 
Player 380,9,4,252, Defender , Beginner 
Player 381,8,5,141, Defender , Expert 
Player 382,7,6,133, Defender , Expert 
Player 383,8,5,133, Defender , Expert 
Player 384,11,2,118, Defender , Expert 
Player 385,11,2,102, Defender , Expert 
Player 386,7,6,169, Defender , Intermediate 
Player 387,6,7,195, Attacker , Beginner 
Player 388,5,8,186, Attacker , Beginner 
Player 389,5,8,178, Attacker , Beginner 
Player 390,5,8,168, Attacker , Beginner 
Player 391,7,6,228, Defender , Beginner 
Player 392,6,7,146, Attacker , Beginner 
Player 393,4,9,537, Attacker , Beginner 
Player 394,5,8,321, Attacker , Beginner 
Player 395,7,6,155, Defender , Expert 
Player 396,7,6,145, Defender , Expert 
Player 397,8,5,124, Defender , Expert 
Player 398,12,1,108, Defender , Expert 
Player 399,9,4,98, Defender , Expert 
Player 400,12,1,88, Defender , Expert 
Player 401,2,11,252, Attacker , Beginner 
Player 402,8,5,202, Defender , Beginner 
Player 403,7,6,219, Defender , Beginner 
Player 404,5,8,206, Attacker , Beginner 
Player 405,6,7,168, Attacker , Beginner 
Player 406,5,8,124, Attacker , Beginner 
Player 407,8,5,137, Defender , Expert 
Player 408,8,5,124, Defender , Expert 
Player 409,8,4,122, Defender , Expert 
Player 410,9,4,114, Defender , Expert 
Player 411,7,6,111, Defender , Expert 
Player 412,8,5,103, Defender , Expert 
Player 413,7,6,129, Defender , Expert 
Player 414,11,2,103, Defender , Expert 
Player 415,7,6,173, Defender , Intermediate 
Player 416,9,4,171, Defender , Intermediate 
Player 417,7,6,253, Defender , Beginner 
Player 418,7,6,210, Defender , Beginner 
Player 419,7,6,226, Defender , Beginner 
Player 420,8,5,128, Defender , Expert 
Player 421,10,3,121, Defender , Expert 
Player 422,9,4,119, Defender , Expert 
Player 423,7,6,118, Defender , Expert 
Player 424,7,6,125, Defender , Expert 
Player 425,7,6,95, Defender , Expert 
Player 426,8,5,89, Defender , Expert 
Player 427,10,3,83, Defender , Expert 
Player 428,9,4,164, Defender , Intermediate 
Player 429,6,7,104, Attacker , Beginner 
Player 430,6,7,81, Attacker , Beginner 
Player 431,5,8,78, Attacker , Beginner 
Player 432,4,9,394, Attacker , Beginner 
Player 433,6,7,353, Attacker , Beginner 
Player 434,8,5,322, Defender , Beginner 
Player 435,7,6,60, Defender , Expert 
Player 436,7,6,295, Defender , Beginner 
Player 437,6,7,207, Attacker , Beginner 
Player 438,6,7,200, Attacker , Beginner 
Player 439,6,7,198, Attacker , Beginner 
Player 440,6,7,189, Attacker , Beginner 
Player 441,6,7,175, Attacker , Beginner 
Player 442,6,7,153, Attacker , Beginner 
Player 443,5,7,146, Attacker , Beginner 
Player 444,10,3,145, Defender , Expert 
Player 445,7,6,139, Defender , Expert 
Player 446,6,7,290, Attacker , Beginner 
Player 447,3,10,182, Attacker , Beginner 
Player 448,12,1,120, Defender , Expert 
Player 449,10,3,168, Defender , Intermediate 
Player 450,8,5,161, Defender , Intermediate 
Player 451,5,8,263, Attacker , Beginner 
Player 452,10,3,248, Defender , Beginner 
Player 453,6,6,218, Draw , Beginner 
Player 454,7,5,211, Defender , Beginner 
Player 455,5,8,173, Attacker , Beginner 
Player 456,6,6,162, Draw , Beginner 
Player 457,11,2,159, Defender , Expert 
Player 458,6,7,160, Attacker , Beginner 
Player 459,9,4,147, Defender , Expert 
Player 460,8,5,144, Defender , Expert 
Player 461,7,6,141, Defender , Expert 
Player 462,9,4,141, Defender , Expert 
Player 463,7,6,137, Defender , Expert 
Player 464,7,6,135, Defender , Expert 
Player 465,9,4,199, Defender , Intermediate 
Player 466,8,5,171, Defender , Intermediate 
Player 467,9,4,165, Defender , Intermediate 
Player 468,8,5,248, Defender , Beginner 
Player 469,6,7,118, Attacker , Beginner 
Player 470,7,6,150, Defender , Expert 
Player 471,7,6,147, Defender , Expert 
Player 472,9,4,176, Defender , Intermediate 
Player 473,11,2,173, Defender , Intermediate 
Player 474,9,4,171, Defender , Intermediate 
Player 475,7,6,171, Defender , Intermediate 
Player 476,7,6,202, Defender , Beginner 
Player 477,6,7,168, Attacker , Beginner 
Player 478,6,7,157, Attacker , Beginner 
Player 479,6,7,148, Attacker , Beginner 
Player 480,1,12,110, Attacker , Beginner 
Player 481,4,9,134, Attacker , Beginner 
Player 482,8,5,139, Defender , Expert 
Player 483,10,3,135, Defender , Expert 
Player 484,7,6,133, Defender , Expert 
Player 485,7,6,132, Defender , Expert 
Player 486,9,4,192, Defender , Intermediate 
Player 487,8,5,187, Defender , Intermediate 
Player 488,8,5,182, Defender , Intermediate 
Player 489,6,7,245, Attacker , Beginner 
Player 490,6,7,211, Attacker , Beginner 
Player 491,5,8,101, Attacker , Beginner 
Player 492,5,8,166, Attacker , Beginner 
Player 493,9,4,145, Defender , Expert 
Player 494,8,5,139, Defender , Expert 
Player 495,8,5,124, Defender , Expert 
Player 496,10,3,114, Defender , Expert 
Player 497,11,2,110, Defender , Expert 
Player 498,9,4,109, Defender , Expert 
Player 499,7,6,100, Defender , Expert 
Player 500,7,6,90, Defender , Expert 
Player 501,7,6,84, Defender , Expert 
Player 502,3,10,97, Attacker , Beginner 
Player 503,7,6,200, Defender , Intermediate 
Player 504,4,9,153, Attacker , Beginner 
Player 505,10,3,152, Defender , Expert 
Player 506,10,3,152, Defender , Expert 
Player 507,10,3,142, Defender , Expert 
Player 508,11,2,133, Defender , Expert 
Player 509,8,4,127, Defender , Expert 
Player 510,9,4,195, Defender , Intermediate 
Player 511,10,3,182, Defender , Intermediate 
Player 512,8,5,180, Defender , Intermediate 
Player 513,5,8,94, Attacker , Beginner 
Player 514,8,5,164, Defender , Intermediate 
Player 515,7,6,162, Defender , Intermediate 
Player 516,6,7,260, Attacker , Beginner 
Player 517,7,6,143, Defender , Expert 
Player 518,10,3,124, Defender , Expert 
Player 519,12,1,110, Defender , Expert 
Player 520,7,6,194, Defender , Intermediate 
Player 521,4,9,419, Attacker , Beginner 
Player 522,5,8,393, Attacker , Beginner 
Player 523,4,8,261, Attacker , Beginner 
Player 524,5,7,92, Attacker , Beginner 
Player 525,7,6,250, Defender , Beginner 
Player 526,10,3,225, Defender , Beginner 
Player 527,5,8,144, Attacker , Beginner 
Player 528,5,8,139, Attacker , Beginner 
Player 529,10,3,153, Defender , Expert 
Player 530,7,6,149, Defender , Expert 
Player 531,8,5,132, Defender , Expert 
Player 532,9,4,124, Defender , Expert 
Player 533,8,5,113, Defender , Expert 
Player 534,13,0,112, Defender , Expert 
Player 535,6,7,234, Attacker , Beginner 
Player 536,11,2,109, Defender , Expert 
Player 537,10,3,93, Defender , Expert 
Player 538,9,4,91, Defender , Expert 
Player 539,7,6,177, Defender , Intermediate 
Player 540,8,5,166, Defender , Intermediate 
Player 541,4,9,322, Attacker , Beginner 
Player 542,4,9,310, Attacker , Beginner 
Player 543,6,7,305, Attacker , Beginner 
Player 544,6,6,293, Draw , Beginner 
Player 545,5,8,282, Attacker , Beginner 
Player 546,5,8,181, Attacker , Beginner 
Player 547,6,7,280, Attacker , Beginner 
Player 548,5,8,248, Attacker , Beginner 
Player 549,2,11,239, Attacker , Beginner 
Player 550,5,8,227, Attacker , Beginner 
Player 551,6,7,225, Attacker , Beginner 
Player 552,4,9,170, Attacker , Beginner 
Player 553,12,1,160, Defender , Expert 
Player 554,8,5,157, Defender , Expert 
Player 555,7,6,156, Defender , Expert 
Player 556,8,5,150, Defender , Expert 
Player 557,5,8,283, Attacker , Beginner 
Player 558,3,10,175, Attacker , Beginner 
Player 559,8,5,179, Defender , Intermediate 
Player 560,6,7,1 484, Attacker , Beginner 
Player 561,5,8,1 002, Attacker , Beginner 
Player 562,5,8,291, Attacker , Beginner 
Player 563,8,5,223, Defender , Beginner 
Player 564,9,4,206, Defender , Beginner 
Player 565,6,7,152, Attacker , Beginner 
Player 566,8,5,129, Defender , Expert 
Player 567,6,7,304, Attacker , Beginner 
Player 568,6,7,228, Attacker , Beginner 
Player 569,5,8,121, Attacker , Beginner 
Player 570,7,6,226, Defender , Beginner 
Player 571,5,7,225, Attacker , Beginner 
Player 572,5,8,154, Attacker , Beginner 
Player 573,6,7,115, Attacker , Beginner 
Player 574,6,7,109, Attacker , Beginner 
Player 575,5,8,107, Attacker , Beginner 
Player 576,6,7,103, Attacker , Beginner 
Player 577,7,6,131, Defender , Expert 
Player 578,7,6,130, Defender , Expert 
Player 579,6,6,165, Draw , Beginner 
Player 580,7,6,132, Defender , Expert 
Player 581,4,8,135, Attacker , Beginner 
Player 582,6,7,129, Attacker , Beginner 
Player 583,4,9,125, Attacker , Beginner 
Player 584,6,7,122, Attacker , Beginner 
Player 585,6,7,122, Attacker , Beginner 
Player 586,6,7,121, Attacker , Beginner 
Player 587,4,8,119, Attacker , Beginner 
Player 588,6,7,114, Attacker , Beginner 
Player 589,2,10,113, Attacker , Beginner 
Player 590,6,7,537, Attacker , Beginner 
Player 591,7,6,164, Defender , Intermediate 
Player 592,7,5,524, Defender , Beginner 
Player 593,5,8,374, Attacker , Beginner 
Player 594,7,6,321, Defender , Beginner 
Player 595,6,7,310, Attacker , Beginner 
Player 596,4,9,305, Attacker , Beginner 
Player 597,5,8,303, Attacker , Beginner 
Player 598,7,6,288, Defender , Beginner 
Player 599,5,8,287, Attacker , Beginner 
Player 600,6,7,283, Attacker , Beginner 
Player 601,6,7,270, Attacker , Beginner 
Player 602,5,8,177, Attacker , Beginner 
Player 603,3,10,151, Attacker , Beginner 
Player 604,6,7,141, Attacker , Beginner 
Player 605,5,8,101, Attacker , Beginner 
Player 606,6,7,81, Attacker , Beginner 
Player 607,3,9,80, Attacker , Beginner 
Player 608,5,8,283, Attacker , Beginner 
Player 609,4,9,80, Attacker , Beginner 
Player 610,6,7,79, Attacker , Beginner 
Player 611,6,7,66, Attacker , Beginner 
Player 612,7,6,149, Defender , Expert 
Player 613,10,3,148, Defender , Expert 
Player 614,9,4,146, Defender , Expert 
Player 615,11,2,132, Defender , Expert 
Player 616,9,4,127, Defender , Expert 
Player 617,10,3,124, Defender , Expert 
Player 618,10,3,122, Defender , Expert 
Player 619,6,7,281, Attacker , Beginner 
Player 620,10,3,119, Defender , Expert 
Player 621,9,4,118, Defender , Expert 
Player 622,7,6,108, Defender , Expert 
Player 623,7,6,238, Defender , Beginner 
Player 624,7,6,121, Defender , Expert 
Player 625,7,6,107, Defender , Expert 
Player 626,7,6,106, Defender , Expert 
Player 627,7,6,214, Defender , Beginner 
Player 628,6,7,134, Attacker , Beginner 
Player 629,6,7,134, Attacker , Beginner 
Player 630,4,9,278, Attacker , Beginner 
Player 631,4,8,130, Attacker , Beginner 
Player 632,6,7,125, Attacker , Beginner 
Player 633,5,8,103, Attacker , Beginner 
Player 634,5,8,93, Attacker , Beginner 
Player 635,6,7,74, Attacker , Beginner 
Player 636,7,6,145, Defender , Expert 
Player 637,8,5,130, Defender , Expert 
Player 638,7,6,122, Defender , Expert 
Player 639,7,6,117, Defender , Expert 
Player 640,7,6,101, Defender , Expert 
Player 641,6,7,278, Attacker , Beginner 
Player 642,7,6,96, Defender , Expert 
Player 643,7,6,166, Defender , Intermediate 
Player 644,8,5,164, Defender , Intermediate 
Player 645,8,5,234, Defender , Beginner 
Player 646,4,9,196, Attacker , Beginner 
Player 647,5,8,172, Attacker , Beginner 
Player 648,6,7,127, Attacker , Beginner 
Player 649,8,5,160, Defender , Expert 
Player 650,8,5,145, Defender , Expert 
Player 651,9,4,108, Defender , Expert 
Player 652,9,4,187, Defender , Intermediate 
Player 653,6,7,277, Attacker , Beginner 
Player 654,9,4,101, Defender , Expert 
Player 655,8,5,94, Defender , Expert 
Player 656,12,1,86, Defender , Expert 
Player 657,9,4,179, Defender , Intermediate 
Player 658,9,4,174, Defender , Intermediate 
Player 659,7,6,164, Defender , Intermediate 
Player 660,7,6,464, Defender , Beginner 
Player 661,5,7,135, Attacker , Beginner 
Player 662,6,6,124, Draw , Beginner 
Player 663,9,4,135, Defender , Expert 
Player 664,5,8,275, Attacker , Beginner 
Player 665,8,5,403, Defender , Beginner 
Player 666,6,7,259, Attacker , Beginner 
Player 667,7,6,202, Defender , Beginner 
Player 668,5,8,145, Attacker , Beginner 
Player 669,7,6,157, Defender , Expert 
Player 670,8,5,112, Defender , Expert 
Player 671,9,4,98, Defender , Expert 
Player 672,9,4,89, Defender , Expert 
Player 673,8,5,88, Defender , Expert 
Player 674,9,4,87, Defender , Expert 
Player 675,6,7,268, Attacker , Beginner 
Player 676,7,6,63, Defender , Expert 
Player 677,5,8,190, Attacker , Beginner 
Player 678,5,8,53, Attacker , Beginner 
Player 679,6,7,51, Attacker , Beginner 
Player 680,0,13,43, Attacker , Beginner 
Player 681,8,5,145, Defender , Expert 
Player 682,9,4,119, Defender , Expert 
Player 683,8,5,113, Defender , Expert 
Player 684,10,3,107, Defender , Expert 
Player 685,7,6,101, Defender , Expert 
Player 686,7,6,151, Defender , Expert 
Player 687,8,5,97, Defender , Expert 
Player 688,10,3,83, Defender , Expert 
Player 689,9,4,165, Defender , Intermediate 
Player 690,6,7,142, Attacker , Beginner 
Player 691,5,7,113, Attacker , Beginner 
Player 692,6,7,89, Attacker , Beginner 
Player 693,8,5,123, Defender , Expert 
Player 694,7,6,105, Defender , Expert 
Player 695,12,1,101, Defender , Expert 
Player 696,8,5,98, Defender , Expert 
Player 697,7,6,162, Defender , Intermediate 
Player 698,7,6,177, Defender , Intermediate 
Player 699,7,6,176, Defender , Intermediate 
Player 700,7,6,210, Defender , Beginner 
Player 701,5,8,195, Attacker , Beginner 
Player 702,5,7,151, Attacker , Beginner 
Player 703,6,7,128, Attacker , Beginner 
Player 704,5,8,118, Attacker , Beginner 
Player 705,11,2,151, Defender , Expert 
Player 706,9,4,125, Defender , Expert 
Player 707,7,6,104, Defender , Expert 
Player 708,5,8,297, Attacker , Beginner 
Player 709,9,4,98, Defender , Expert 
Player 710,11,2,95, Defender , Expert 
Player 711,9,4,91, Defender , Expert 
Player 712,7,6,177, Defender , Intermediate 
Player 713,5,8,314, Attacker , Beginner 
Player 714,7,6,297, Defender , Beginner 
Player 715,5,8,165, Attacker , Beginner 
Player 716,7,6,138, Defender , Expert 
Player 717,7,6,111, Defender , Expert 
Player 718,7,6,99, Defender , Expert 
Player 719,5,8,180, Attacker , Beginner 
Player 720,7,6,96, Defender , Expert 
Player 721,10,3,93, Defender , Expert 
Player 722,7,6,82, Defender , Expert 
Player 723,7,6,68, Defender , Expert 
Player 724,8,5,259, Defender , Beginner 
Player 725,7,6,225, Defender , Beginner 
Player 726,4,9,193, Attacker , Beginner 
Player 727,6,7,80, Attacker , Beginner 
Player 728,7,6,144, Defender , Expert 
Player 729,9,4,115, Defender , Expert 
Player 730,6,7,151, Attacker , Beginner 
Player 731,10,3,110, Defender , Expert 
Player 732,8,5,103, Defender , Expert 
Player 733,10,3,91, Defender , Expert 
Player 734,7,6,88, Defender , Expert 
Player 735,8,5,86, Defender , Expert 
Player 736,10,3,69, Defender , Expert 
Player 737,4,9,213, Attacker , Beginner 
Player 738,5,8,212, Attacker , Beginner 
Player 739,9,4,150, Defender , Expert 
Player 740,11,2,138, Defender , Expert 
Player 741,4,9,149, Attacker , Beginner 
Player 742,9,4,136, Defender , Expert 
Player 743,9,4,130, Defender , Expert 
Player 744,8,5,112, Defender , Expert 
Player 745,7,6,195, Defender , Intermediate 
Player 746,7,6,186, Defender , Intermediate 
Player 747,9,4,182, Defender , Intermediate 
Player 748,8,5,279, Defender , Beginner 
Player 749,4,9,186, Attacker , Beginner 
Player 750,5,8,169, Attacker , Beginner 
Player 751,8,5,157, Defender , Expert 
Player 752,3,10,148, Attacker , Beginner 
Player 753,11,2,148, Defender , Expert 
Player 754,9,4,198, Defender , Intermediate 
Player 755,8,5,193, Defender , Intermediate 
Player 756,10,3,185, Defender , Intermediate 
Player 757,10,3,178, Defender , Intermediate 
Player 758,10,3,173, Defender , Intermediate 
Player 759,9,4,173, Defender , Intermediate 
Player 760,10,3,162, Defender , Intermediate 
Player 761,7,6,211, Defender , Beginner 
Player 762,6,7,154, Attacker , Beginner 
Player 763,8,5,178, Defender , Intermediate 
Player 764,4,9,148, Attacker , Beginner 
Player 765,10,3,160, Defender , Expert 
Player 766,9,4,157, Defender , Expert 
Player 767,9,4,132, Defender , Expert 
Player 768,8,4,132, Defender , Expert 
Player 769,10,3,99, Defender , Expert 
Player 770,9,4,188, Defender , Intermediate 
Player 771,7,6,186, Defender , Intermediate 
Player 772,9,4,165, Defender , Intermediate 
Player 773,5,8,257, Attacker , Beginner 
Player 774,4,9,206, Attacker , Beginner 
Player 775,4,9,147, Attacker , Beginner 
Player 776,5,8,174, Attacker , Beginner 
Player 777,7,5,158, Defender , Expert 
Player 778,10,3,155, Defender , Expert 
Player 779,8,5,146, Defender , Expert 
Player 780,7,6,135, Defender , Expert 
Player 781,8,5,133, Defender , Expert 
Player 782,7,6,130, Defender , Expert 
Player 783,7,6,192, Defender , Intermediate 
Player 784,5,8,350, Attacker , Beginner 
Player 785,6,7,148, Attacker , Beginner 
Player 786,6,7,145, Attacker , Beginner 
Player 787,6,7,107, Attacker , Beginner 
Player 788,4,9,102, Attacker , Beginner 
Player 789,7,6,154, Defender , Expert 
Player 790,9,4,151, Defender , Expert 
Player 791,9,4,132, Defender , Expert 
Player 792,9,4,127, Defender , Expert 
Player 793,9,4,122, Defender , Expert 
Player 794,10,3,109, Defender , Expert 
Player 795,11,2,108, Defender , Expert 
Player 796,9,4,103, Defender , Expert 
Player 797,6,7,127, Attacker , Beginner 
Player 798,8,5,218, Defender , Beginner 
Player 799,5,8,162, Attacker , Beginner 
Player 800,6,7,135, Attacker , Beginner 
Player 801,7,6,59, Defender , Expert 
Player 802,6,7,191, Attacker , Beginner 
Player 803,6,7,95, Attacker , Beginner 
Player 804,4,9,83, Attacker , Beginner 
Player 805,6,7,78, Attacker , Beginner 
Player 806,5,8,72, Attacker , Beginner 
Player 807,5,8,66, Attacker , Beginner 
Player 808,10,3,155, Defender , Expert 
Player 809,4,8,63, Attacker , Beginner 
Player 810,6,7,62, Attacker , Beginner 
Player 811,4,9,60, Attacker , Beginner 
Player 812,4,8,55, Attacker , Beginner 
Player 813,10,3,155, Defender , Expert 
Player 814,8,5,139, Defender , Expert 
Player 815,7,6,132, Defender , Expert 
Player 816,7,6,104, Defender , Expert 
Player 817,7,6,97, Defender , Expert 
Player 818,8,5,88, Defender , Expert 
Player 819,8,5,152, Defender , Expert 
Player 820,7,6,172, Defender , Intermediate 
Player 821,8,5,294, Defender , Beginner 
Player 822,10,3,205, Defender , Beginner 
Player 823,6,7,156, Attacker , Beginner 
Player 824,5,8,135, Attacker , Beginner 
Player 825,10,3,141, Defender , Expert 
Player 826,7,6,137, Defender , Expert 
Player 827,13,0,129, Defender , Expert 
Player 828,7,6,197, Defender , Intermediate 
Player 829,7,6,166, Defender , Intermediate 
Player 830,8,5,140, Defender , Expert 
Player 831,4,9,613, Attacker , Beginner 
Player 832,6,7,270, Attacker , Beginner 
Player 833,8,5,214, Defender , Beginner 
Player 834,7,6,211, Defender , Beginner 
Player 835,6,7,172, Attacker , Beginner 
Player 836,6,7,168, Attacker , Beginner 
Player 837,9,4,126, Defender , Expert 
Player 838,9,4,95, Defender , Expert 
Player 839,8,5,85, Defender , Expert 
Player 840,6,7,428, Attacker , Beginner 
Player 841,9,4,118, Defender , Expert 
Player 842,10,3,280, Defender , Beginner 
Player 843,7,6,222, Defender , Beginner 
Player 844,6,7,217, Attacker , Beginner 
Player 845,2,11,187, Attacker , Beginner 
Player 846,6,7,185, Attacker , Beginner 
Player 847,6,6,145, Draw , Beginner 
Player 848,3,10,144, Attacker , Beginner 
Player 849,7,6,1 090, Defender , Beginner 
Player 850,6,7,195, Attacker , Beginner 
Player 851,5,8,166, Attacker , Beginner 
Player 852,8,5,179, Defender , Intermediate 
Player 853,5,7,114, Attacker , Beginner 
Player 854,6,7,99, Attacker , Beginner 
Player 855,4,8,120, Attacker , Beginner 
Player 856,5,7,100, Attacker , Beginner 
Player 857,8,5,136, Defender , Expert 
Player 858,7,6,104, Defender , Expert 
Player 859,5,8,410, Attacker , Beginner 
Player 860,4,9,281, Attacker , Beginner 
Player 861,4,9,186, Attacker , Beginner 
Player 862,6,6,183, Draw , Beginner 
Player 863,7,6,795, Defender , Beginner 
Player 864,6,7,107, Attacker , Beginner 
Player 865,5,8,107, Attacker , Beginner 
Player 866,5,8,103, Attacker , Beginner 
Player 867,6,7,103, Attacker , Beginner 
Player 868,4,9,103, Attacker , Beginner 
Player 869,7,6,133, Defender , Expert 
Player 870,9,4,110, Defender , Expert 
Player 871,11,2,109, Defender , Expert 
Player 872,9,4,100, Defender , Expert 
Player 873,9,4,92, Defender , Expert 
Player 874,10,3,166, Defender , Intermediate 
Player 875,9,4,594, Defender , Beginner 
Player 876,8,5,165, Defender , Intermediate 
Player 877,8,5,164, Defender , Intermediate 
Player 878,7,6,280, Defender , Beginner 
Player 879,6,7,230, Attacker , Beginner 
Player 880,6,7,221, Attacker , Beginner 
Player 881,7,6,202, Defender , Beginner 
Player 882,7,6,87, Defender , Expert 
Player 883,7,6,211, Defender , Beginner 
Player 884,6,7,124, Attacker , Beginner 
Player 885,6,7,112, Attacker , Beginner 
Player 886,8,5,412, Defender , Beginner 
Player 887,4,9,112, Attacker , Beginner 
Player 888,6,7,109, Attacker , Beginner 
Player 889,6,7,90, Attacker , Beginner 
Player 890,6,7,86, Attacker , Beginner 
Player 891,4,9,82, Attacker , Beginner 
Player 892,5,8,82, Attacker , Beginner 
Player 893,5,8,59, Attacker , Beginner 
Player 894,6,7,58, Attacker , Beginner 
Player 895,7,6,158, Defender , Expert 
Player 896,8,5,150, Defender , Expert 
Player 897,5,8,336, Attacker , Beginner 
Player 898,8,5,139, Defender , Expert 
Player 899,7,6,136, Defender , Expert 
Player 900,6,7,261, Attacker , Beginner 
Player 901,7,5,203, Defender , Beginner 
Player 902,5,8,201, Attacker , Beginner 
Player 903,5,8,166, Attacker , Beginner 
Player 904,6,7,161, Attacker , Beginner 
Player 905,3,10,159, Attacker , Beginner 
Player 906,6,7,150, Attacker , Beginner 
Player 907,6,7,142, Attacker , Beginner 
Player 908,9,4,297, Defender , Beginner 
Player 909,10,3,149, Defender , Expert 
Player 910,9,4,144, Defender , Expert 
Player 911,9,4,139, Defender , Expert 
Player 912,11,2,125, Defender , Expert 
Player 913,7,6,120, Defender , Expert 
Player 914,8,5,117, Defender , Expert 
Player 915,6,7,246, Attacker , Beginner 
Player 916,4,9,222, Attacker , Beginner 
Player 917,6,7,128, Attacker , Beginner 
Player 918,5,8,94, Attacker , Beginner 
Player 919,6,7,196, Attacker , Beginner 
Player 920,5,8,60, Attacker , Beginner 
Player 921,8,5,137, Defender , Expert 
Player 922,9,4,125, Defender , Expert 
Player 923,9,4,118, Defender , Expert 
Player 924,9,4,116, Defender , Expert 
Player 925,10,3,113, Defender , Expert 
Player 926,9,4,109, Defender , Expert 
Player 927,4,9,158, Attacker , Beginner 
Player 928,6,7,143, Attacker , Beginner 
Player 929,5,8,132, Attacker , Beginner 
Player 930,8,5,151, Defender , Expert 
Player 931,5,8,121, Attacker , Beginner 
Player 932,6,7,117, Attacker , Beginner 
Player 933,10,3,160, Defender , Expert 
Player 934,9,4,154, Defender , Expert 
Player 935,7,6,140, Defender , Expert 
Player 936,7,6,139, Defender , Expert 
Player 937,7,6,173, Defender , Intermediate 
Player 938,7,6,205, Defender , Beginner 
Player 939,5,8,174, Attacker , Beginner 
Player 940,6,7,164, Attacker , Beginner 
Player 941,8,5,144, Defender , Expert 
Player 942,6,7,85, Attacker , Beginner 
Player 943,5,8,85, Attacker , Beginner 
Player 944,2,11,67, Attacker , Beginner 
Player 945,7,5,151, Defender , Expert 
Player 946,8,5,120, Defender , Expert 
Player 947,7,5,119, Defender , Expert 
Player 948,7,6,111, Defender , Expert 
Player 949,7,5,104, Defender , Expert 
Player 950,11,2,200, Defender , Intermediate 
Player 951,4,9,346, Attacker , Beginner 
Player 952,9,4,142, Defender , Expert 
Player 953,4,9,262, Attacker , Beginner 
Player 954,7,5,262, Defender , Beginner 
Player 955,6,7,210, Attacker , Beginner 
Player 956,6,7,200, Attacker , Beginner 
Player 957,5,7,169, Attacker , Beginner 
Player 958,5,6,120, Attacker , Beginner 
Player 959,5,6,119, Attacker , Beginner 
Player 960,6,6,109, Draw , Beginner 
Player 961,4,9,101, Attacker , Beginner 
Player 962,5,8,91, Attacker , Beginner 
Player 963,8,5,136, Defender , Expert 
Player 964,9,4,139, Defender , Expert 
Player 965,8,5,139, Defender , Expert 
Player 966,8,5,126, Defender , Expert 
Player 967,8,5,124, Defender , Expert 
Player 968,9,4,108, Defender , Expert 
Player 969,8,5,105, Defender , Expert 
Player 970,6,7,209, Attacker , Beginner 
Player 971,5,8,168, Attacker , Beginner 
Player 972,5,8,158, Attacker , Beginner 
Player 973,6,7,147, Attacker , Beginner 
Player 974,9,4,136, Defender , Expert 
Player 975,9,4,157, Defender , Expert 
Player 976,8,5,157, Defender , Expert 
Player 977,9,4,153, Defender , Expert 
Player 978,10,3,138, Defender , Expert 
Player 979,10,3,134, Defender , Expert 
Player 980,10,3,127, Defender , Expert 
Player 981,10,3,125, Defender , Expert 
Player 982,10,3,117, Defender , Expert 
Player 983,7,6,172, Defender , Intermediate 
Player 984,8,5,278, Defender , Beginner 
Player 985,4,9,261, Attacker , Beginner 
Player 986,11,2,133, Defender , Expert 
Player 987,8,5,211, Defender , Beginner 
Player 988,7,6,112, Defender , Expert 
Player 989,8,5,107, Defender , Expert 
Player 990,7,5,104, Defender , Expert 
Player 991,8,5,98, Defender , Expert 
Player 992,7,6,86, Defender , Expert 
Player 993,8,5,83, Defender , Expert 
Player 994,8,5,73, Defender , Expert 
Player 995,5,8,395, Attacker , Beginner 
Player 996,6,7,181, Attacker , Beginner 
Player 997,7,6,161, Defender , Intermediate 
Player 998,4,9,132, Attacker , Beginner 
Player 999,6,7,108, Attacker , Beginner 
Player 1000,8,5,155, Defender , Expert 
Player 1001,9,4,144, Defender , Expert 
Player 1002,9,4,143, Defender , Expert 
Player 1003,9,4,112, Defender , Expert 
Player 1004,10,3,106, Defender , Expert 
Player 1005,7,5,105, Defender , Expert 
Player 1006,10,3,104, Defender , Expert 
Player 1007,8,5,104, Defender , Expert 
Player 1008,8,4,413, Defender , Beginner 
Player 1009,6,7,207, Attacker , Beginner 
Player 1010,6,7,178, Attacker , Beginner 
Player 1011,6,7,142, Attacker , Beginner 
Player 1012,9,4,142, Defender , Expert 
Player 1013,9,4,184, Defender , Intermediate 
Player 1014,8,4,176, Defender , Intermediate 
Player 1015,6,7,335, Attacker , Beginner 
Player 1016,5,8,288, Attacker , Beginner 
Player 1017,8,5,239, Defender , Beginner 
Player 1018,9,3,233, Defender , Beginner 
Player 1019,4,9,258, Attacker , Beginner 
Player 1020,9,4,213, Defender , Beginner 
Player 1021,4,9,177, Attacker , Beginner 
Player 1022,6,7,153, Attacker , Beginner 
Player 1023,4,9,115, Attacker , Beginner 
Player 1024,7,6,1 738, Defender , Beginner 
Player 1025,8,4,271, Defender , Beginner 
Player 1026,5,8,190, Attacker , Beginner 
Player 1027,6,7,159, Attacker , Beginner 
Player 1028,5,8,122, Attacker , Beginner 
Player 1029,7,6,141, Defender , Expert 
Player 1030,8,5,230, Defender , Beginner 
Player 1031,7,6,139, Defender , Expert 
Player 1032,7,6,128, Defender , Expert 
Player 1033,8,5,123, Defender , Expert 
Player 1034,6,7,222, Attacker , Beginner 
Player 1035,4,9,141, Attacker , Beginner 
Player 1036,6,7,139, Attacker , Beginner 
Player 1037,6,7,136, Attacker , Beginner 
Player 1038,6,7,123, Attacker , Beginner 
Player 1039,5,8,123, Attacker , Beginner 
Player 1040,5,8,111, Attacker , Beginner 
Player 1041,6,7,203, Attacker , Beginner 
Player 1042,7,6,127, Defender , Expert 
Player 1043,7,6,162, Defender , Intermediate 
Player 1044,6,7,322, Attacker , Beginner 
Player 1045,6,7,186, Attacker , Beginner 
Player 1046,6,7,143, Attacker , Beginner 
Player 1047,6,7,131, Attacker , Beginner 
Player 1048,6,7,120, Attacker , Beginner 
Player 1049,4,8,114, Attacker , Beginner 
Player 1050,3,10,99, Attacker , Beginner 
Player 1051,5,8,85, Attacker , Beginner 
Player 1052,10,3,107, Defender , Expert 
Player 1053,4,9,84, Attacker , Beginner 
Player 1054,8,5,155, Defender , Expert 
Player 1055,7,6,94, Defender , Expert 
Player 1056,9,4,90, Defender , Expert 
Player 1057,9,4,66, Defender , Expert 
Player 1058,8,5,179, Defender , Intermediate 
Player 1059,5,8,498, Attacker , Beginner 
Player 1060,4,8,283, Attacker , Beginner 
Player 1061,5,8,141, Attacker , Beginner 
Player 1062,9,4,113, Defender , Expert 
Player 1063,9,4,85, Defender , Expert 
Player 1064,10,3,83, Defender , Expert 
Player 1065,9,4,87, Defender , Expert 
Player 1066,9,4,153, Defender , Expert 
Player 1067,7,6,148, Defender , Expert 
Player 1068,10,3,146, Defender , Expert 
Player 1069,9,4,143, Defender , Expert 
Player 1070,8,5,129, Defender , Expert 
Player 1071,8,5,117, Defender , Expert 
Player 1072,9,4,114, Defender , Expert 
Player 1073,10,3,113, Defender , Expert 
Player 1074,8,5,70, Defender , Expert 
Player 1075,11,2,109, Defender , Expert 
Player 1076,8,5,161, Defender , Intermediate 
Player 1077,6,7,242, Attacker , Beginner 
Player 1078,10,3,199, Defender , Intermediate 
Player 1079,9,4,184, Defender , Intermediate 
Player 1080,8,5,162, Defender , Intermediate 
Player 1081,8,5,507, Defender , Beginner 
Player 1082,8,5,409, Defender , Beginner 
Player 1083,6,6,292, Draw , Beginner 
Player 1084,9,4,283, Defender , Beginner 
Player 1085,9,4,68, Defender , Expert 
Player 1086,9,4,264, Defender , Beginner 
Player 1087,9,4,252, Defender , Beginner 
Player 1088,7,6,228, Defender , Beginner 
Player 1089,8,5,202, Defender , Beginner 
Player 1090,7,6,129, Defender , Expert 
Player 1091,7,6,125, Defender , Expert 
Player 1092,7,6,60, Defender , Expert 
Player 1093,3,10,182, Attacker , Beginner 
Player 1094,6,7,160, Attacker , Beginner 
Player 1095,6,7,118, Attacker , Beginner 
Player 1096,8,5,220, Defender , Beginner 
Player 1097,9,4,67, Defender , Expert 
Player 1098,1,12,110, Attacker , Beginner 
Player 1099,5,8,101, Attacker , Beginner 
Player 1100,3,10,97, Attacker , Beginner 
Player 1101,5,8,94, Attacker , Beginner 
Player 1102,5,7,92, Attacker , Beginner 
Player 1103,6,7,234, Attacker , Beginner 
Player 1104,5,8,181, Attacker , Beginner 
Player 1105,3,10,175, Attacker , Beginner 
Player 1106,5,8,121, Attacker , Beginner 
Player 1107,7,6,154, Defender , Expert 
Player 1108,10,2,67, Defender , Expert 
Player 1109,8,5,142, Defender , Expert 
Player 1110,11,2,138, Defender , Expert 
Player 1111,9,4,136, Defender , Expert 
Player 1112,9,4,129, Defender , Expert 
Player 1113,8,5,124, Defender , Expert 
Player 1114,8,4,120, Defender , Expert 
Player 1115,10,3,105, Defender , Expert 
Player 1116,8,4,101, Defender , Expert 
Player 1117,9,3,80, Defender , Expert 
Player 1118,9,4,191, Defender , Intermediate 
Player 1119,9,3,66, Defender , Expert 
Player 1120,7,6,154, Defender , Expert 
Player 1121,8,5,142, Defender , Expert 
Player 1122,11,2,138, Defender , Expert 
Player 1123,9,4,136, Defender , Expert 
Player 1124,9,4,129, Defender , Expert 
Player 1125,8,5,124, Defender , Expert 
Player 1126,8,4,120, Defender , Expert 
Player 1127,10,3,105, Defender , Expert 
Player 1128,8,4,101, Defender , Expert 
Player 1129,9,3,80, Defender , Expert 
Player 1130,9,3,64, Defender , Expert 
Player 1131,9,4,191, Defender , Intermediate 
Player 1132,7,6,158, Defender , Expert 
Player 1133,8,5,150, Defender , Expert 
Player 1134,8,5,139, Defender , Expert 
Player 1135,7,6,136, Defender , Expert 
Player 1136,6,7,261, Attacker , Beginner 
Player 1137,7,5,203, Defender , Beginner 
Player 1138,5,8,201, Attacker , Beginner 
Player 1139,5,8,166, Attacker , Beginner 
Player 1140,6,7,161, Attacker , Beginner 
Player 1141,7,6,63, Defender , Expert 
Player 1142,3,10,159, Attacker , Beginner 
Player 1143,6,7,150, Attacker , Beginner 
Player 1144,6,7,142, Attacker , Beginner 
Player 1145,7,6,149, Defender , Expert 
Player 1146,10,3,148, Defender , Expert 
Player 1147,9,4,146, Defender , Expert 
Player 1148,11,2,132, Defender , Expert 
Player 1149,9,4,127, Defender , Expert 
Player 1150,10,3,124, Defender , Expert 
Player 1151,10,3,122, Defender , Expert 
Player 1152,5,8,201, Attacker , Beginner 
Player 1153,10,3,119, Defender , Expert 
Player 1154,9,4,118, Defender , Expert 
Player 1155,7,6,108, Defender , Expert 
Player 1156,7,6,238, Defender , Beginner 
Player 1157,10,3,149, Defender , Expert 
Player 1158,9,4,144, Defender , Expert 
Player 1159,9,4,139, Defender , Expert 
Player 1160,11,2,125, Defender , Expert 
Player 1161,7,6,120, Defender , Expert 
Player 1162,8,5,117, Defender , Expert 
Player 1163,6,7,85, Attacker , Beginner 
Player 1164,6,7,246, Attacker , Beginner 
Player 1165,4,9,222, Attacker , Beginner 
Player 1166,6,7,128, Attacker , Beginner 
Player 1167,5,8,94, Attacker , Beginner 
Player 1168,5,8,60, Attacker , Beginner 
Player 1169,8,5,137, Defender , Expert 
Player 1170,9,4,125, Defender , Expert 
Player 1171,9,4,118, Defender , Expert 
Player 1172,9,4,116, Defender , Expert 
Player 1173,10,3,113, Defender , Expert 
Player 1174,9,4,139, Defender , Expert 
Player 1175,9,4,109, Defender , Expert 
Player 1176,4,9,158, Attacker , Beginner 
Player 1177,6,7,143, Attacker , Beginner 
Player 1178,5,8,132, Attacker , Beginner 
Player 1179,5,8,121, Attacker , Beginner 
Player 1180,6,7,117, Attacker , Beginner 
Player 1181,8,5,160, Defender , Expert 
Player 1182,8,5,145, Defender , Expert 
Player 1183,9,4,108, Defender , Expert 
Player 1184,9,4,101, Defender , Expert 
Player 1185,8,5,139, Defender , Expert 
Player 1186,8,5,94, Defender , Expert 
Player 1187,12,1,86, Defender , Expert 
Player 1188,9,4,179, Defender , Intermediate 
Player 1189,9,4,174, Defender , Intermediate 
Player 1190,7,6,164, Defender , Intermediate 
Player 1191,7,6,464, Defender , Beginner 
Player 1192,5,7,135, Attacker , Beginner 
Player 1193,6,6,124, Draw , Beginner 
Player 1194,7,6,138, Defender , Expert 
Player 1195,9,4,124, Defender , Expert 
Player 1196,8,5,126, Defender , Expert 
Player 1197,9,4,121, Defender , Expert 
Player 1198,9,4,117, Defender , Expert 
Player 1199,9,4,99, Defender , Expert 
Player 1200,9,4,98, Defender , Expert 
Player 1201,7,6,176, Defender , Intermediate 
Player 1202,5,7,294, Attacker , Beginner 
Player 1203,7,6,202, Defender , Beginner 
Player 1204,5,8,186, Attacker , Beginner 
Player 1205,6,6,135, Draw , Beginner 
Player 1206,9,4,135, Defender , Expert 
Player 1207,8,5,214, Defender , Beginner 
Player 1208,8,5,124, Defender , Expert 
Player 1209,8,5,403, Defender , Beginner 
Player 1210,6,7,259, Attacker , Beginner 
Player 1211,7,6,202, Defender , Beginner 
Player 1212,5,8,145, Attacker , Beginner 
Player 1213,8,5,185, Defender , Intermediate 
Player 1214,7,6,1 064, Defender , Beginner 
Player 1215,4,9,550, Attacker , Beginner 
Player 1216,4,9,390, Attacker , Beginner 
Player 1217,6,7,200, Attacker , Beginner 
Player 1218,2,11,197, Attacker , Beginner 
Player 1219,9,4,108, Defender , Expert 
Player 1220,5,8,184, Attacker , Beginner 
Player 1221,3,10,155, Attacker , Beginner 
Player 1222,6,7,119, Attacker , Beginner 
Player 1223,5,8,118, Attacker , Beginner 
Player 1224,3,10,102, Attacker , Beginner 
Player 1225,7,6,157, Defender , Expert 
Player 1226,8,5,112, Defender , Expert 
Player 1227,9,4,98, Defender , Expert 
Player 1228,9,4,89, Defender , Expert 
Player 1229,8,5,88, Defender , Expert 
Player 1230,8,5,105, Defender , Expert 
Player 1231,9,4,87, Defender , Expert 
Player 1232,7,6,63, Defender , Expert 
Player 1233,5,8,190, Attacker , Beginner 
Player 1234,5,8,53, Attacker , Beginner 
Player 1235,6,7,51, Attacker , Beginner 
Player 1236,0,13,43, Attacker , Beginner 
Player 1237,7,6,141, Defender , Expert 
Player 1238,7,6,161, Defender , Intermediate 
Player 1239,4,9,1 099, Attacker , Beginner 
Player 1240,4,8,400, Attacker , Beginner 
Player 1241,6,7,209, Attacker , Beginner 
Player 1242,8,5,244, Defender , Beginner 
Player 1243,7,6,203, Defender , Beginner 
Player 1244,6,7,176, Attacker , Beginner 
Player 1245,6,7,166, Attacker , Beginner 
Player 1246,6,7,160, Attacker , Beginner 
Player 1247,5,8,146, Attacker , Beginner 
Player 1248,5,8,120, Attacker , Beginner 
Player 1249,7,6,126, Defender , Expert 
Player 1250,7,5,171, Defender , Intermediate 
Player 1251,4,9,228, Attacker , Beginner 
Player 1252,5,8,168, Attacker , Beginner 
Player 1253,6,7,197, Attacker , Beginner 
Player 1254,3,10,174, Attacker , Beginner 
Player 1255,5,8,137, Attacker , Beginner 
Player 1256,5,8,105, Attacker , Beginner 
Player 1257,6,7,102, Attacker , Beginner 
Player 1258,5,8,102, Attacker , Beginner 
Player 1259,5,8,89, Attacker , Beginner 
Player 1260,5,8,81, Attacker , Beginner 
Player 1261,11,2,151, Defender , Expert 
Player 1262,9,4,125, Defender , Expert 
Player 1263,5,8,158, Attacker , Beginner 
Player 1264,7,6,104, Defender , Expert 
Player 1265,9,4,98, Defender , Expert 
Player 1266,11,2,95, Defender , Expert 
Player 1267,9,4,91, Defender , Expert 
Player 1268,7,6,177, Defender , Intermediate 
Player 1269,5,8,314, Attacker , Beginner 
Player 1270,7,6,297, Defender , Beginner 
Player 1271,5,8,165, Attacker , Beginner 
Player 1272,9,4,108, Defender , Expert 
Player 1273,8,5,95, Defender , Expert 
Player 1274,6,7,147, Attacker , Beginner 
Player 1275,7,6,92, Defender , Expert 
Player 1276,7,6,190, Defender , Intermediate 
Player 1277,8,5,256, Defender , Beginner 
Player 1278,6,7,136, Attacker , Beginner 
Player 1279,4,9,135, Attacker , Beginner 
Player 1280,6,7,120, Attacker , Beginner 
Player 1281,5,8,114, Attacker , Beginner 
Player 1282,5,8,100, Attacker , Beginner 
Player 1283,3,9,84, Attacker , Beginner 
Player 1284,8,5,148, Defender , Expert 
Player 1285,9,4,142, Defender , Expert 
Player 1286,9,3,145, Defender , Expert 
Player 1287,8,5,138, Defender , Expert 
Player 1288,10,3,121, Defender , Expert 
Player 1289,8,5,120, Defender , Expert 
Player 1290,10,3,112, Defender , Expert 
Player 1291,11,2,86, Defender , Expert 
Player 1292,9,4,82, Defender , Expert 
Player 1293,4,9,238, Attacker , Beginner 
Player 1294,3,10,190, Attacker , Beginner 
Player 1295,5,8,164, Attacker , Beginner 
Player 1296,9,4,184, Defender , Intermediate 
Player 1297,7,6,138, Defender , Expert 
Player 1298,7,6,111, Defender , Expert 
Player 1299,7,6,99, Defender , Expert 
Player 1300,7,6,96, Defender , Expert 
Player 1301,10,3,93, Defender , Expert 
Player 1302,7,6,82, Defender , Expert 
Player 1303,7,6,68, Defender , Expert 
Player 1304,8,5,259, Defender , Beginner 
Player 1305,7,6,225, Defender , Beginner 
Player 1306,4,9,193, Attacker , Beginner 
Player 1307,8,4,176, Defender , Intermediate 
Player 1308,6,7,80, Attacker , Beginner 
Player 1309,7,6,144, Defender , Expert 
Player 1310,9,4,115, Defender , Expert 
Player 1311,10,3,110, Defender , Expert 
Player 1312,8,5,103, Defender , Expert 
Player 1313,10,3,91, Defender , Expert 
Player 1314,7,6,88, Defender , Expert 
Player 1315,8,5,86, Defender , Expert 
Player 1316,10,3,69, Defender , Expert 
Player 1317,4,9,213, Attacker , Beginner 
Player 1318,7,6,207, Defender , Beginner 
Player 1319,6,7,335, Attacker , Beginner 
Player 1320,5,8,212, Attacker , Beginner 
Player 1321,11,2,126, Defender , Expert 
Player 1322,8,5,126, Defender , Expert 
Player 1323,9,4,100, Defender , Expert 
Player 1324,10,3,99, Defender , Expert 
Player 1325,10,3,97, Defender , Expert 
Player 1326,10,2,79, Defender , Expert 
Player 1327,8,5,77, Defender , Expert 
Player 1328,9,4,75, Defender , Expert 
Player 1329,7,6,71, Defender , Expert 
Player 1330,5,8,288, Attacker , Beginner 
Player 1331,6,7,727, Attacker , Beginner 
Player 1332,5,8,111, Attacker , Beginner 
Player 1333,9,4,150, Defender , Expert 
Player 1334,11,2,138, Defender , Expert 
Player 1335,9,4,136, Defender , Expert 
Player 1336,9,4,130, Defender , Expert 
Player 1337,8,5,112, Defender , Expert 
Player 1338,7,6,195, Defender , Intermediate 
Player 1339,7,6,186, Defender , Intermediate 
Player 1340,9,4,182, Defender , Intermediate 
Player 1341,8,5,239, Defender , Beginner 
Player 1342,8,5,279, Defender , Beginner 
Player 1343,4,9,186, Attacker , Beginner 
Player 1344,5,8,169, Attacker , Beginner 
Player 1345,8,5,157, Defender , Expert 
Player 1346,11,2,148, Defender , Expert 
Player 1347,9,4,198, Defender , Intermediate 
Player 1348,8,5,193, Defender , Intermediate 
Player 1349,10,3,185, Defender , Intermediate 
Player 1350,10,3,178, Defender , Intermediate 
Player 1351,10,3,173, Defender , Intermediate 
Player 1352,9,3,233, Defender , Beginner 
Player 1353,9,4,173, Defender , Intermediate 
Player 1354,10,3,162, Defender , Intermediate 
Player 1355,7,6,211, Defender , Beginner 
Player 1356,6,7,154, Attacker , Beginner 
Player 1357,9,4,99, Defender , Expert 
Player 1358,5,8,142, Attacker , Beginner 
Player 1359,4,9,97, Attacker , Beginner 
Player 1360,3,10,86, Attacker , Beginner 
Player 1361,4,9,81, Attacker , Beginner 
Player 1362,4,9,80, Attacker , Beginner 
Player 1363,9,4,213, Defender , Beginner 
Player 1364,6,7,80, Attacker , Beginner 
Player 1365,4,9,79, Attacker , Beginner 
Player 1366,4,9,78, Attacker , Beginner 
Player 1367,5,8,78, Attacker , Beginner 
Player 1368,4,9,73, Attacker , Beginner 
Player 1369,9,4,99, Defender , Expert 
Player 1370,5,8,142, Attacker , Beginner 
Player 1371,4,9,97, Attacker , Beginner 
Player 1372,3,10,86, Attacker , Beginner 
Player 1373,4,9,81, Attacker , Beginner 
Player 1374,4,9,177, Attacker , Beginner 
Player 1375,4,9,80, Attacker , Beginner 
Player 1376,6,7,80, Attacker , Beginner 
Player 1377,4,9,79, Attacker , Beginner 
Player 1378,4,9,78, Attacker , Beginner 
Player 1379,5,8,78, Attacker , Beginner 
Player 1380,4,9,73, Attacker , Beginner 
Player 1381,10,3,160, Defender , Expert 
Player 1382,9,4,157, Defender , Expert 
Player 1383,9,4,132, Defender , Expert 
Player 1384,8,4,132, Defender , Expert 
Player 1385,6,7,153, Attacker , Beginner 
Player 1386,10,3,99, Defender , Expert 
Player 1387,9,4,188, Defender , Intermediate 
Player 1388,7,6,186, Defender , Intermediate 
Player 1389,9,4,165, Defender , Intermediate 
Player 1390,5,8,257, Attacker , Beginner 
Player 1391,4,9,206, Attacker , Beginner 
Player 1392,5,8,174, Attacker , Beginner 
Player 1393,7,5,158, Defender , Expert 
Player 1394,10,3,155, Defender , Expert 
Player 1395,8,5,146, Defender , Expert 
Player 1396,4,9,115, Attacker , Beginner 
Player 1397,7,6,135, Defender , Expert 
Player 1398,8,5,133, Defender , Expert 
Player 1399,7,6,130, Defender , Expert 
Player 1400,7,6,192, Defender , Intermediate 
Player 1401,5,8,350, Attacker , Beginner 
Player 1402,6,7,148, Attacker , Beginner 
Player 1403,6,7,107, Attacker , Beginner 
Player 1404,4,9,102, Attacker , Beginner 
Player 1405,7,6,138, Defender , Expert 
Player 1406,7,6,135, Defender , Expert 
Player 1407,7,6,1 738, Defender , Beginner 
Player 1408,7,6,134, Defender , Expert 
Player 1409,9,4,132, Defender , Expert 
Player 1410,7,6,118, Defender , Expert 
Player 1411,7,6,118, Defender , Expert 
Player 1412,9,4,112, Defender , Expert 
Player 1413,8,5,100, Defender , Expert 
Player 1414,10,3,93, Defender , Expert 
Player 1415,9,4,179, Defender , Intermediate 
Player 1416,4,9,135, Attacker , Beginner 
Player 1417,7,5,123, Defender , Expert 
Player 1418,8,4,271, Defender , Beginner 
Player 1419,7,6,120, Defender , Expert 
Player 1420,7,5,109, Defender , Expert 
Player 1421,7,6,104, Defender , Expert 
Player 1422,8,5,103, Defender , Expert 
Player 1423,8,5,99, Defender , Expert 
Player 1424,8,5,93, Defender , Expert 
Player 1425,7,6,298, Defender , Beginner 
Player 1426,5,8,162, Attacker , Beginner 
Player 1427,5,8,156, Attacker , Beginner 
Player 1428,3,10,114, Attacker , Beginner 
Player 1429,6,7,201, Attacker , Beginner 
Player 1430,5,8,190, Attacker , Beginner 
Player 1431,5,8,104, Attacker , Beginner 
Player 1432,7,6,154, Defender , Expert 
Player 1433,9,4,151, Defender , Expert 
Player 1434,9,4,132, Defender , Expert 
Player 1435,9,4,127, Defender , Expert 
Player 1436,9,4,122, Defender , Expert 
Player 1437,10,3,109, Defender , Expert 
Player 1438,11,2,108, Defender , Expert 
Player 1439,9,4,103, Defender , Expert 
Player 1440,8,5,218, Defender , Beginner 
Player 1441,6,7,159, Attacker , Beginner 
Player 1442,5,8,162, Attacker , Beginner 
Player 1443,6,7,135, Attacker , Beginner 
Player 1444,7,6,59, Defender , Expert 
Player 1445,6,7,191, Attacker , Beginner 
Player 1446,6,7,95, Attacker , Beginner 
Player 1447,4,9,83, Attacker , Beginner 
Player 1448,6,7,78, Attacker , Beginner 
Player 1449,5,8,72, Attacker , Beginner 
Player 1450,5,8,66, Attacker , Beginner 
Player 1451,4,8,63, Attacker , Beginner 
Player 1452,5,8,122, Attacker , Beginner 
Player 1453,6,7,62, Attacker , Beginner 
Player 1454,4,9,60, Attacker , Beginner 
Player 1455,4,8,55, Attacker , Beginner 
Player 1456,7,6,96, Defender , Expert 
Player 1457,10,3,91, Defender , Expert 
Player 1458,9,4,103, Defender , Expert 
Player 1459,9,4,117, Defender , Expert 
Player 1460,8,5,87, Defender , Expert 
Player 1461,7,5,119, Defender , Expert 
Player 1462,5,8,94, Attacker , Beginner 
Player 1463,7,6,141, Defender , Expert 
Player 1464,4,9,109, Attacker , Beginner 
Player 1465,7,6,202, Defender , Beginner 
Player 1466,5,8,138, Attacker , Beginner 
Player 1467,10,3,155, Defender , Expert 
Player 1468,8,5,139, Defender , Expert 
Player 1469,7,6,132, Defender , Expert 
Player 1470,7,6,104, Defender , Expert 
Player 1471,7,6,97, Defender , Expert 
Player 1472,8,5,88, Defender , Expert 
Player 1473,7,6,172, Defender , Intermediate 
Player 1474,7,6,139, Defender , Expert 
Player 1475,8,5,294, Defender , Beginner 
Player 1476,10,3,205, Defender , Beginner 
Player 1477,6,7,156, Attacker , Beginner 
Player 1478,5,8,135, Attacker , Beginner 
Player 1479,10,3,141, Defender , Expert 
Player 1480,7,6,137, Defender , Expert 
Player 1481,13,0,129, Defender , Expert 
Player 1482,7,6,197, Defender , Intermediate 
Player 1483,7,6,166, Defender , Intermediate 
Player 1484,4,9,613, Attacker , Beginner 
Player 1485,7,6,128, Defender , Expert 
Player 1486,6,7,270, Attacker , Beginner 
Player 1487,8,5,214, Defender , Beginner 
Player 1488,7,6,211, Defender , Beginner 
Player 1489,6,7,172, Attacker , Beginner 
Player 1490,6,7,168, Attacker , Beginner 
Player 1491,7,6,332, Defender , Beginner 
Player 1492,5,8,159, Attacker , Beginner 
Player 1493,5,8,90, Attacker , Beginner 
Player 1494,6,7,70, Attacker , Beginner 
Player 1495,6,7,58, Attacker , Beginner 
Player 1496,8,5,123, Defender , Expert 
Player 1497,5,8,47, Attacker , Beginner 
Player 1498,3,10,46, Attacker , Beginner 
Player 1499,6,7,45, Attacker , Beginner 
Player 1500,6,7,44, Attacker , Beginner 
Player 1501,4,9,37, Attacker , Beginner 
Player 1502,9,4,126, Defender , Expert 
Player 1503,9,4,95, Defender , Expert 
Player 1504,8,5,85, Defender , Expert 
Player 1505,6,7,428, Attacker , Beginner 
Player 1506,10,3,280, Defender , Beginner 
Player 1507,6,7,222, Attacker , Beginner 
Player 1508,7,6,222, Defender , Beginner 
Player 1509,6,7,217, Attacker , Beginner 
Player 1510,2,11,187, Attacker , Beginner 
Player 1511,6,7,185, Attacker , Beginner 
Player 1512,6,6,145, Draw , Beginner 
Player 1513,3,10,144, Attacker , Beginner 
Player 1514,8,5,131, Defender , Expert 
Player 1515,8,5,114, Defender , Expert 
Player 1516,11,2,101, Defender , Expert 
Player 1517,7,6,98, Defender , Expert 
Player 1518,4,9,141, Attacker , Beginner 
Player 1519,8,5,92, Defender , Expert 
Player 1520,5,8,233, Attacker , Beginner 
Player 1521,5,8,166, Attacker , Beginner 
Player 1522,6,7,112, Attacker , Beginner 
Player 1523,6,7,112, Attacker , Beginner 
Player 1524,6,7,109, Attacker , Beginner 
Player 1525,6,7,104, Attacker , Beginner 
Player 1526,7,6,1 090, Defender , Beginner 
Player 1527,6,7,195, Attacker , Beginner 
Player 1528,5,8,166, Attacker , Beginner 
Player 1529,6,7,139, Attacker , Beginner 
Player 1530,5,7,114, Attacker , Beginner 
Player 1531,6,7,99, Attacker , Beginner 
Player 1532,4,8,120, Attacker , Beginner 
Player 1533,5,7,100, Attacker , Beginner 
Player 1534,7,6,157, Defender , Expert 
Player 1535,7,6,135, Defender , Expert 
Player 1536,9,4,98, Defender , Expert 
Player 1537,9,4,82, Defender , Expert 
Player 1538,7,6,71, Defender , Expert 
Player 1539,8,5,188, Defender , Intermediate 
